641	.gitignore
15590	README.md
680	backend/.env.example
40	backend/__init__.py
13664	backend/admin_api.py
25	backend/analysis/__init__.py
4882	backend/analysis/climate_context.py
7722	backend/analysis/load_inference.py
4265	backend/analysis/models.py
7737	backend/analysis/orchestrator.py
9182	backend/analysis/solar_roi.py
20514	backend/analysis/subsidy_navigator.py
5375	backend/analysis/tariff_engine.py
30631	backend/app.py
5611	backend/automation/daily_scraper.py
0	backend/config/__init__.py
3975	backend/config/personas.py
8626	backend/config/tariff_constants.py
0	backend/consent/__init__.py
14201	backend/consent/consent_manager.py
0	backend/db/__init__.py
5141	backend/db/schema.sql
11650	backend/db/supabase_client.py
2400	backend/demo_fallbacks.json
0	backend/extraction/__init__.py
7416	backend/extraction/gemini_client.py
4485	backend/extraction/pipeline.py
5870	backend/extraction/prompts.py
7557	backend/extraction/schema_validator.py
2073	backend/extraction/twilio_media.py
0	backend/output/__init__.py
15335	backend/output/ai_composer.py
11364	backend/output/infographic.py
9566	backend/output/kannada_tts.py
1314	backend/output/language_detector.py
3496	backend/output/last_bill_cache.py
37213	backend/output/response_composer.py
5307	backend/output/twilio_dispatcher.py
354	backend/pytest.ini
200	backend/requirements.txt
1521	backend/scripts/clean_demo_data.py
5240	backend/scripts/init_supabase.py
9941	backend/scripts/seed_demo_data.py
0	backend/tests/__init__.py
2249	backend/tests/conftest.py
13458	backend/tests/test_ai_composer.py
4825	backend/tests/test_climate_context.py
10204	backend/tests/test_consent.py
17321	backend/tests/test_followups.py
5293	backend/tests/test_gj_cliff_enhanced.py
3790	backend/tests/test_infographic.py
7605	backend/tests/test_kannada_tts.py
1856	backend/tests/test_language_detector.py
6274	backend/tests/test_load_inference.py
9064	backend/tests/test_orchestrator.py
16306	backend/tests/test_personas.py
10078	backend/tests/test_response_composer.py
12659	backend/tests/test_supabase.py
3536	backend/tests/test_supabase_live.py
10465	backend/tests/test_tariff_constants.py
2539	backend/tests/test_tariff_engine.py
1185	backend/tests/test_tts_live.py
12105	backend/tests/test_webhook.py
3219	backend/tests/test_webhook_live.py
26816	docs/VidyutMitra_Architecture_Diagrams (1).md
45495	docs/VidyutMitra_Briefing_Document_v4.md
49722	docs/VidyutMitra_PRD_v3 (1).md
68206	docs/VidyutMitra_Technical_Spec (2).md
20485	docs/VidyutMitra_Verified_Tariff_v3 (1).md
4899	generate_preview.py
4495	generate_preview_bw.py
103913	preview_bw_design.png
108042	preview_design.png
419	vidyut-dashboard/.env.local.example
213	vidyut-dashboard/.gitignore
18863	vidyut-dashboard/app/chat/page.tsx
142	vidyut-dashboard/app/dashboard/page.tsx
1321	vidyut-dashboard/app/globals.css
32570	vidyut-dashboard/app/landing.css
36035	vidyut-dashboard/app/landing.tsx
1163	vidyut-dashboard/app/layout.tsx
125	vidyut-dashboard/app/page.tsx
27881	vidyut-dashboard/components/dashboard-shell.tsx
25	vidyut-dashboard/globals.d.ts
2668	vidyut-dashboard/lib/api.ts
2694	vidyut-dashboard/lib/mock-chat.ts
3317	vidyut-dashboard/lib/mock-data.ts
206	vidyut-dashboard/next-env.d.ts
124	vidyut-dashboard/next.config.mjs
57311	vidyut-dashboard/package-lock.json
588	vidyut-dashboard/package.json
89	vidyut-dashboard/postcss.config.js
1164	vidyut-dashboard/tailwind.config.ts
550	vidyut-dashboard/tsconfig.json
