366	.gitignore
1217	README.md
197327	bun.lockb
432	components.json
818	eslint.config.js
5459	index.html
1395	netlify.toml
188803	package-lock.json
1444	package.json
86	postcss.config.js
756	public/_headers
290240	public/abdul-wasih-resume-preview.webp
120701	public/abdul-wasih-resume.pdf
63560	public/fake-review-detector-thumbnail.jpg
41976	public/fake-review-detector-thumbnail.webp
3450	public/favicon.ico
26271	public/ijestm-thumbnail.png
29236	public/ijestm-thumbnail.webp
53690	public/nirman-mitra-thumbnail.png
33380	public/nirman-mitra-thumbnail.webp
141876	public/og-image.jpg
50662	public/real-estate-thumbnail.jpg
20790	public/real-estate-thumbnail.webp
165656	public/retro-wallet-thumbnail.jpg
42660	public/retro-wallet-thumbnail.webp
379	public/robots.txt
1230	public/sitemap.xml
52570	public/slotswapper-thumbnail.jpg
33972	public/slotswapper-thumbnail.webp
127411	public/territory-wars-thumbnail.jpg
15038	public/territory-wars-thumbnail.webp
274696	public/to-the-moon-thumbnail.png
72262	public/to-the-moon-thumbnail.webp
77784	public/vidyutmitra-thumbnail.png
49480	public/vidyutmitra-thumbnail.webp
32638	public/wasih-img-1200w.webp
32638	public/wasih-img-400w.webp
32638	public/wasih-img-800w.webp
31296	public/wasih-img.webp
1373	scripts/render-resume.mjs
1460	src/App.tsx
7926	src/assets/Portfolio-thumbnail.webp
6068	src/assets/RealestateX-thumbnail.webp
16803	src/components/About.tsx
4156	src/components/Footer.tsx
7735	src/components/Header.tsx
6722	src/components/Hero.tsx
5254	src/components/Pixel404.tsx
3457	src/components/ProjectCard.tsx
1437	src/components/Projects.tsx
6496	src/components/ResumeModal.tsx
3289	src/components/SEO.tsx
232	src/components/SectionLoader.tsx
4972	src/components/ui/toast.tsx
805	src/components/ui/toaster.tsx
17126	src/data/projects.ts
4086	src/hooks/use-toast.ts
5771	src/index.css
172	src/lib/utils.ts
163	src/main.tsx
964	src/pages/Index.tsx
5873	src/pages/NotFound.tsx
14527	src/pages/ProjectDetailPage.tsx
4460	src/pages/ProjectsPage.tsx
39	src/vite-env.d.ts
2804	tailwind.config.ts
682	tsconfig.app.json
400	tsconfig.json
503	tsconfig.node.json
3131	vite.config.ts
